-- phpMyAdmin SQL Dump
-- version 4.0.10deb1
-- http://www.phpmyadmin.net
--
-- Хост: localhost
-- Время создания: Фев 03 2016 г., 20:34
-- Версия сервера: 5.5.46-0ubuntu0.14.04.2
-- Версия PHP: 5.5.9-1ubuntu4.14

SET SQL_MODE = "NO_AUTO_VALUE_ON_ZERO";
SET time_zone = "+00:00";


/*!40101 SET @OLD_CHARACTER_SET_CLIENT=@@CHARACTER_SET_CLIENT */;
/*!40101 SET @OLD_CHARACTER_SET_RESULTS=@@CHARACTER_SET_RESULTS */;
/*!40101 SET @OLD_COLLATION_CONNECTION=@@COLLATION_CONNECTION */;
/*!40101 SET NAMES utf8 */;

--
-- База данных: `myblog-db`
--

-- --------------------------------------------------------

--
-- Структура таблицы `commenttable`
--

CREATE TABLE IF NOT EXISTS `commenttable` (
  `commid` int(20) NOT NULL AUTO_INCREMENT,
  `date` timestamp NOT NULL DEFAULT CURRENT_TIMESTAMP,
  `postid` int(11) DEFAULT NULL,
  `userid` int(11) DEFAULT NULL,
  `comment` mediumtext CHARACTER SET cp1251 COLLATE cp1251_bin,
  PRIMARY KEY (`commid`),
  UNIQUE KEY `commid` (`commid`)
) ENGINE=InnoDB  DEFAULT CHARSET=latin1 AUTO_INCREMENT=27 ;

--
-- Дамп данных таблицы `commenttable`
--

INSERT INTO `commenttable` (`commid`, `date`, `postid`, `userid`, `comment`) VALUES
(1, '2016-01-27 19:04:14', 24, 1, 'asdasdxzfwefwef'),
(2, '2016-01-27 19:06:54', 24, 1, 'asdasdxzfwefwef'),
(3, '2016-01-27 19:14:46', 22, 1, 'мваымивыамдбмщв0-амвм'),
(4, '2016-01-27 19:14:51', 22, 1, 'вамавмыфвасыфа'),
(5, '2016-01-27 19:15:10', 24, 2, 'sdvdsfvytjujy'),
(6, '2016-01-27 19:15:21', 18, 2, 'sdfasdfsdfdsgdf'),
(7, '2016-02-01 03:23:26', 24, 1, '123'),
(8, '2016-02-02 17:10:33', NULL, 1, 'zxcsadasd'),
(9, '2016-02-02 17:11:23', NULL, 1, 'asdasdasd'),
(10, '2016-02-02 17:12:54', NULL, 1, 'asdasdasd'),
(11, '2016-02-02 17:13:12', NULL, 1, 'asdasdasd'),
(12, '2016-02-02 17:13:28', NULL, 1, ''),
(13, '2016-02-02 17:13:30', NULL, 1, 'asd'),
(14, '2016-02-02 17:13:36', NULL, 1, 'asdsad'),
(15, '2016-02-02 17:16:08', NULL, 1, 'hryrtyr'),
(16, '2016-02-02 17:18:36', NULL, 1, 'asdasd'),
(17, '2016-02-02 17:18:55', NULL, 1, 'asdasd'),
(18, '2016-02-02 17:19:56', NULL, 1, 'asdsadsa'),
(19, '2016-02-02 17:20:19', 25, 1, 'asdasdas'),
(20, '2016-02-02 17:20:39', 25, 1, 'comme2'),
(21, '2016-02-02 17:21:11', 25, 1, 'comm3'),
(22, '2016-02-02 17:21:24', 25, 1, 'asdsad'),
(23, '2016-02-02 17:25:43', 25, 1, 'comm4'),
(24, '2016-02-02 17:26:59', 25, 1, 'asdasd'),
(25, '2016-02-02 18:56:21', 35, 1, 'asdasd'),
(26, '2016-02-03 17:30:45', 30, 8, 'asdasd');

-- --------------------------------------------------------

--
-- Структура таблицы `mybloguser`
--

CREATE TABLE IF NOT EXISTS `mybloguser` (
  `userid` int(11) NOT NULL AUTO_INCREMENT,
  `username` varchar(32) DEFAULT NULL,
  `password` varchar(40) DEFAULT NULL,
  `userright` int(1) DEFAULT '0',
  PRIMARY KEY (`userid`),
  UNIQUE KEY `userid` (`userid`)
) ENGINE=InnoDB  DEFAULT CHARSET=latin1 AUTO_INCREMENT=9 ;

--
-- Дамп данных таблицы `mybloguser`
--

INSERT INTO `mybloguser` (`userid`, `username`, `password`, `userright`) VALUES
(1, 'admin', '40bd001563085fc35165329ea1ff5c5ecbdbbeef', 1),
(2, 'user1', '40bd001563085fc35165329ea1ff5c5ecbdbbeef', 0),
(3, 'user2', '40bd001563085fc35165329ea1ff5c5ecbdbbeef', 0),
(4, 'user3', '40bd001563085fc35165329ea1ff5c5ecbdbbeef', 0),
(5, 'user4', '40bd001563085fc35165329ea1ff5c5ecbdbbeef', 0),
(6, 'user4', '40bd001563085fc35165329ea1ff5c5ecbdbbeef', 0),
(7, 'user5', '40bd001563085fc35165329ea1ff5c5ecbdbbeef', 0),
(8, 'userm', '40bd001563085fc35165329ea1ff5c5ecbdbbeef', 0);

-- --------------------------------------------------------

--
-- Структура таблицы `recordtable`
--

CREATE TABLE IF NOT EXISTS `recordtable` (
  `id` int(11) NOT NULL AUTO_INCREMENT,
  `date` timestamp NOT NULL DEFAULT CURRENT_TIMESTAMP,
  `head` text COLLATE cp1251_bin,
  `rec` mediumtext COLLATE cp1251_bin,
  PRIMARY KEY (`id`),
  UNIQUE KEY `id` (`id`)
) ENGINE=InnoDB  DEFAULT CHARSET=cp1251 COLLATE=cp1251_bin AUTO_INCREMENT=39 ;

--
-- Дамп данных таблицы `recordtable`
--

INSERT INTO `recordtable` (`id`, `date`, `head`, `rec`) VALUES
(13, '2016-01-21 19:16:35', '1Padre', '1Barrier islands are coastal landforms and a type of dune system that are exceptionally flat or lumpy areas of sand that form by wave and tidal action parallel to the mainland coast. They usually occur in chains, consisting of anything from a few islands to more than a dozen.'),
(14, '2016-01-21 19:16:54', '2Padre Island', 'Padre Island is the largest of the Texas barrier islands and is the world\\\\\\''s longest barrier island. It is part of the U.S. state of Texas. The island is located along Texas\\\\\\'' southern coast of the Gulf of Mexico and is noted for its white sandy beaches at the south end.'),
(17, '2016-01-23 12:36:47', 'фывфывфыв', '??????-???? (????. Mauna Kea) ? ??????? ?????? ?? ??????? ?????? ?????????? ????????? ???????. ?????????? ??????? ????? ?????? (4 205 ? ??? ??????? ????). ??????? ????? ???? ????????? ??? ?????. ???????????? ????????, ???????????? ?? ??? ??????, ?? ?????? ?????????? 10 203 ?????. ??????? ?????-??? ??????????? ?????????????? ? ??????? ???, ???????? ???????? ?????? ?? ????? ?????????? ????? ????? ??? ?????. ? ????? ???????? ????-??????? ????????? ?? ???? ????????? ????? ?????? ????, ??? ????????? ???????? ???????. ??????? ????????? ?????? ? ????? ??????? ???????? ????, ??? ? ???????? ????????. ????????? ?????????? ?????????? ????? 4500 ??? ?????[2]; ?????? ?????? ?????????.'),
(18, '2016-01-23 12:38:12', 'Софорва1', '?????? ???????????????? (???. Sophora chrysophylla) ? ??? ???????????? ???????? ???? ?????? ????????? ??????? (Fabaceae).'),
(21, '2016-01-23 13:29:16', 'фывфыв', 'фывфыв'),
(22, '2016-01-23 13:29:34', 'Архипелаг', 'Архипела?г (греч. ???????????) — группа островов, расположенных близко друг к другу и имеющих обычно одно и то же происхождение (материковое, вулканическое, коралловое) и сходное геологическое строение. В некоторых архипелагах острова могут иметь и разное происхождение.'),
(23, '2016-01-26 03:34:48', 'Густав Малер', 'Гу?став Ма?лер (нем. Gustav Mahler; 7 июля 1860, Калиште[cs], Богемия — 18 мая 1911, Вена) — австрийский композитор, оперный и симфонический дирижёр.\\r\\n\\r\\nПри жизни Густав Малер был знаменит прежде всего как один из крупнейших дирижёров своего времени, представитель так называемой «послевагнеровской пятёрки». Хотя искусству управления оркестром Малер никогда не учился сам и никогда не обучал других, влияние, оказанное им на младших коллег, позволяет музыковедам говорить о «малеровской школе», причисляя к ней и таких выдающихся дирижёров, как Виллем Менгельберг, Бруно Вальтер и Отто Клемперер.\\r\\n\\r\\nМалер-композитор имел при жизни лишь относительно узкий круг преданных поклонников, и только спустя полвека после смерти он получил настоящее признание — как один из крупнейших симфонистов XX века. Творчество Малера, ставшее своего рода мостом между поздним австро-германским романтизмом XIX века и модернизмом начала XX, оказало влияние на многих композиторов, в том числе и таких разных, как представители Новой венской школы, с одной стороны, Дмитрий Шостакович и Бенджамин Бриттен — с другой.'),
(24, '2016-01-26 03:35:25', 'Густав Малер', 'Густав Малер (нем. Gustav Mahler; 7 июля 1860, Калиште[cs], Богемия — 18 мая 1911, Вена) — австрийский композитор, оперный и симфонический дирижёр. При жизни Густав Малер был знаменит прежде всего как один из крупнейших дирижёров своего времени, представитель так называемой «послевагнеровской пятёрки». Хотя искусству управления оркестром Малер никогда не учился сам и никогда не обучал других, влияние, оказанное им на младших коллег, позволяет музыковедам говорить о «малеровской школе», причисляя к ней и таких выдающихся дирижёров, как Виллем Менгельберг, Бруно Вальтер и Отто Клемперер. Малер-композитор имел при жизни лишь относительно узкий круг преданных поклонников, и только спустя полвека после смерти он получил настоящее признание — как один из крупнейших симфонистов XX века. Творчество Малера, ставшее своего рода мостом между поздним австро-германским романтизмом XIX века и модернизмом начала XX, оказало влияние на многих композиторов, в том числе и таких разных, как представители Новой венской школы, с одной стороны, Дмитрий Шостакович и Бенджамин Бриттен — с другой.'),
(25, '2016-01-28 16:49:42', 'test', '@\\&quot;\\&quot;Э&gt;?~``%^$#\\''\\&quot;\\''\\r\\n&lt;h1&gt;SPARTA&lt;/h1&gt;'),
(26, '2016-02-02 17:55:46', 'Очередная запись', 'Вот эта запись'),
(27, '2016-02-02 17:57:08', 'Очередная запись', 'Вот эта запись'),
(28, '2016-02-02 17:57:28', 'Очередная запись', 'Очередной текст'),
(29, '2016-02-02 17:58:26', 'Очередная запись', 'Очередной'),
(30, '2016-02-02 18:00:01', 'Очередная запись', 'Очередной');

/*!40101 SET CHARACTER_SET_CLIENT=@OLD_CHARACTER_SET_CLIENT */;
/*!40101 SET CHARACTER_SET_RESULTS=@OLD_CHARACTER_SET_RESULTS */;
/*!40101 SET COLLATION_CONNECTION=@OLD_COLLATION_CONNECTION */;
